,location_lower,city,country,location
0,est. september 2012 - bristol,bristol,united kingdom,Est. September 2012 - Bristol
1,"philadelphia, pa",philadelphia,united states,"Philadelphia, PA"
2,"london, uk",london,united kingdom,"London, UK"
3,pretoria,pretoria,south africa,Pretoria
4,"sheffield township, ohio",sheffield,united kingdom,"Sheffield Township, Ohio"
5,abuja,abuja,nigeria,Abuja
6,"sao paulo, brazil",sao paulo,brazil,"Sao Paulo, Brazil"
7,"edmonton, alberta - treaty 6",edmonton,canada,"Edmonton, Alberta - Treaty 6"
8,"concord, ca",concord,united states,"Concord, CA"
9,"calgary, ab",calgary,canada,"Calgary, AB"
10,san francisco,san francisco,united states,San Francisco
11,"nashville, tn",nashville,united states,"Nashville, TN"
12,"nashville, tn",nashville,united states,"Nashville, Tn"
13,"st. louis, mo",st. louis,united states,"St. Louis, MO"
14,"st. louis, mo",st. louis,united states,"St. Louis, Mo"
15,"walker county, alabama",aba,nigeria,"Walker County, Alabama"
16,"manchester, nh",manchester,united kingdom,"Manchester, NH"
17,charlotte,charlotte,united states,Charlotte
18,"baton rouge, la",baton rouge,united states,"Baton Rouge, LA"
19,"nairobi, kenya",nairobi,kenya,"Nairobi, Kenya"
20,instagram - @heyimginog ,agra,india,Instagram - @heyimginog 
21,"salt lake city, utah",salt lake city,united states,"Salt Lake City, Utah"
22,"jaipur, india",jaipur,india,"Jaipur, India"
23,bangalore,bangalore,india,bangalore
24,bangalore,bangalore,india,Bangalore
25,mumbai india,mumbai,india,Mumbai india
26,"san francisco, ca",san francisco,united states,"San Francisco, CA"
27,toronto,toronto,canada,Toronto
28,toronto,toronto,canada,toronto
29,new york / worldwide,new york,united states,New York / Worldwide
30,"new orleans, la",new orleans,united states,"New Orleans, LA"
31,mumbai,mumbai,india,Mumbai
32,mumbai,mumbai,india,mumbai
33,amsterdam,amsterdam,netherlands,Amsterdam
34,karachi,karachi,pakistan,Karachi
35,"hannover, germany",hannover,germany,"Hannover, Germany"
36,"new york, ny",new york,united states,"New York, NY"
37,"new york, ny",new york,united states,"new york, ny"
38,"greater manchester, uk",manchester,united kingdom,"Greater Manchester, UK"
39,boston,boston,united states,Boston
40,boston,boston,united states,boston
41,london,london,united kingdom,London
42,london,london,united kingdom,london
43,university of toronto,toronto,canada,University of Toronto
44,albany/ny,albany,united states,Albany/NY
45,"california, usa",cali,colombia,"California, USA"
46,ca physically- boston strong?,boston,united states,CA physically- Boston Strong?
47,"phoenix, az",phoenix,united states,"Phoenix, AZ"
48,"tacoma,washington",washington,united states,"Tacoma,Washington"
49,"austin, tx",austin,united states,"Austin, TX"
50,albuquerque,albuquerque,united states,Albuquerque
51,"buenos aires, argentina",buenos aires,argentina,"Buenos Aires, Argentina"
52,"san antonio-ish, tx",san antonio,united states,"San Antonio-ish, TX"
53,buffalo ny,buffalo,united states,Buffalo NY
54,las vegas,las vegas,united states,Las Vegas
55,tokyo,tokyo,japan,Tokyo
56,tokyo,tokyo,japan,tokyo
57,"california, united states",cali,,"California, United States"
58,new york city,new york,united states,New York City
59,"rotterdam, zuid-holland",rotterdam,netherlands,"Rotterdam, Zuid-Holland"
60,california,cali,colombia,California
61,california,cali,colombia,california
62,"toronto, on",toronto,canada,"Toronto, ON"
63,"helsinki, finland",helsinki,finland,"Helsinki, Finland"
64,perthshire ,perth,australia,Perthshire 
65,"memphis, tn",memphis,united states,"Memphis, TN"
66,new york,new york,united states,New York
67,new york,new york,united states,NEW YORK
68,new york,new york,united states,new york
69,campinas sp,campinas,brazil,Campinas Sp
70,"harlem, new york",new york,united states,"Harlem, New York"
71,"washington, dc",washington,united states,"Washington, DC"
72,"spokane, washington",washington,united states,"Spokane, Washington"
73,"charlotte, nc",charlotte,united states,"Charlotte, NC"
74,"kingston, pennsylvania",kingston,jamaica,"Kingston, Pennsylvania"
75,"milwaukee, wi",milwaukee,united states,"Milwaukee, WI"
76,"miami,fl",miami,united states,"Miami,FL"
77,"los angeles, ca",los angeles,united states,"Los Angeles, CA"
78,"los angeles, ca",los angeles,united states,"los angeles, ca"
79,"north-east region, singapore",singapore,singapore,"North-East Region, Singapore"
80,chicago,chicago,united states,Chicago
81,chicago,chicago,united states,chicago
82,chicago,chicago,united states,CHICAGO
83,atlanta,atlanta,united states,Atlanta
84,atlanta,atlanta,united states,atlanta
85,"adelaide, south australia",adelaide,australia,"Adelaide, South Australia"
86,"washington,dc",washington,united states,"WASHINGTON,DC"
87,"dallas, tx",dallas,united states,"Dallas, TX"
88,dubai,dubai,united arab emirates,Dubai
89,"tucson, az",tucson,united states,"Tucson, Az"
90,"tucson, az",tucson,united states,"Tucson, AZ"
91,seattle wa,seattle,united states,Seattle WA
92,seattle wa,seattle,united states,seattle wa
93,rowyso dallas ,dallas,united states,rowyso dallas 
94,"portland, oregon",portland,united states,"portland, oregon"
95,"portland, oregon",portland,united states,"Portland, Oregon"
96,london.,london,united kingdom,London.
97,"dayton, ohio",dayton,united states,"Dayton, Ohio"
98,akron ohio usa,akron,united states,AKRON OHIO USA
99,london / st catharines ?,london,united kingdom,london / st catharines ?
100,peshawar,peshawar,pakistan,Peshawar
101,"oslo, norway",oslo,norway,"Oslo, Norway"
102,los angeles,los angeles,united states,Los Angeles
103,los angeles,los angeles,united states,los angeles
104,"london, kent & se england.",london,united kingdom,"London, Kent & SE England."
105,"denver, co",denver,united states,"Denver, CO"
106,chicago (312),chicago,united states,CHICAGO (312)
107,washington d.c.,washington,united states,Washington D.C.
108,"atlanta, ga",atlanta,united states,"Atlanta, GA"
109,"atlanta, ga",atlanta,united states,"Atlanta, Ga"
110,"manhattan, ny",manhattan,united states,"Manhattan, NY"
111,memphis,memphis,united states,Memphis
112,"jacksonville, fl",jacksonville,united states,"Jacksonville, FL"
113,"melbourne, florida",melbourne,australia,"Melbourne, Florida"
114,"washington, d.c., area",washington,united states,"Washington, D.C., area"
115,"sydney, new south wales",sydney,australia,"Sydney, New South Wales"
116,"netherlands,amsterdam-virtual ",amsterdam,netherlands,"Netherlands,Amsterdam-Virtual "
117,"budapest, hungary",budapest,hungary,"Budapest, Hungary"
118,columbus,columbus,united states,Columbus
119,"atlanta,ga",atlanta,united states,"Atlanta,Ga"
120,"fresno, ca",fresno,united states,"Fresno, CA"
121,"raleigh durham, nc",raleigh,united states,"Raleigh Durham, NC"
122,rio de janeiro,rio de janeiro,brazil,Rio de Janeiro
123,"columbus, oh",columbus,united states,"Columbus, OH"
124,delhi,delhi,india,Delhi
125,karachi ,karachi,pakistan,Karachi 
126,southern california desert,cali,colombia,SOUTHERN CALIFORNIA DESERT
127,"pig symbol, alabama",aba,nigeria,"Pig Symbol, Alabama"
128,"intramuros, manila",manila,philippines,"Intramuros, Manila"
129,lima-peru,lima,peru,Lima-Peru
130,"baltimore, md",baltimore,united states,"Baltimore, MD"
131,seattle,seattle,united states,Seattle
132,california mermaid ? ,cali,colombia,california mermaid ? 
133,new york ? atl,new york,united states,New York ? ATL
134,usa/so florida via brooklyn ny,brooklyn,united states,USA/SO FLORIDA via BROOKLYN NY
135,"brooklyn, ny",brooklyn,united states,"Brooklyn, NY"
136,"queens, ny",queens,united states,"Queens, NY"
137,"vancouver, bc.",vancouver,canada,"Vancouver, BC."
138,"ottawa, canada",ottawa,canada,"Ottawa, Canada"
139,"calgary, alberta",calgary,canada,"Calgary, Alberta"
140,sydney,sydney,australia,Sydney
141,baton rouge,baton rouge,united states,Baton Rouge
142,"colombo,sri lanka.",colombo,sri lanka,"Colombo,Sri Lanka."
143,"johannesburg, south africa ",johannesburg,south africa,"Johannesburg, South Africa "
144,"vancouver, bc",vancouver,canada,"Vancouver, BC"
145,"cleveland, oh",cleveland,united states,"Cleveland, OH"
146,"cleveland, oh",cleveland,united states,"cleveland, oh"
147,"detroit, mi, united states",detroit,united states,"Detroit, MI, United States"
148,columbus ohio,columbus,united states,columbus ohio
149,"houston,  tx",houston,united states,"Houston,  TX"
150,"washington, usa",washington,united states,"Washington, USA"
151,"cairo, egypt",cairo,egypt,"Cairo, Egypt"
152,"seattle, wa",seattle,united states,"Seattle, WA"
153,buenos aires,buenos aires,argentina,Buenos Aires
154,"walthamstow, london",london,united kingdom,"Walthamstow, London"
155,"sunshine coast, queensland",queens,united states,"Sunshine Coast, Queensland"
156,singapore,singapore,singapore,Singapore
157,glasgow,glasgow,united kingdom,Glasgow
158,glasgow,glasgow,united kingdom,glasgow
159,"peekskill. new york, 10566 ",new york,united states,"peekskill. new york, 10566 "
160,isolated city in world perth,perth,australia,Isolated City In World Perth
161,"santa cruz, ca",santa cruz,bolivia,"Santa Cruz, CA"
162,london/outlaw country ,london,united kingdom,London/Outlaw Country 
163,"manchester, the world, england",manchester,united kingdom,"Manchester, The World, England"
164,#englewood chicago ,chicago,united states,#EngleWood CHICAGO 
165,miami ??,miami,united states,Miami ??
166,"houston, tx",houston,united states,"Houston, TX"
167,"austin, texas",austin,united states,"Austin, Texas"
168,"austin, texas",austin,united states,"austin, texas"
169,oklahoma city,oklahoma city,united states,Oklahoma City
170,charlotte nc,charlotte,united states,Charlotte NC
171,"washington, d.c.",washington,united states,"washington, d.c."
172,"washington, d.c.",washington,united states,"Washington, D.C."
173,d.c. - baltimore - annapolis,baltimore,united states,D.C. - Baltimore - Annapolis
174,manchester,manchester,united kingdom,Manchester
175,"knoxville, tn",knoxville,united states,"Knoxville, TN"
176,chicagorobotz,chicago,united states,ChicagoRObotz
177,lagos nigeria,lagos,nigeria,lagos nigeria
178,lagos nigeria,lagos,nigeria,Lagos Nigeria
179,"edmonton, alberta",edmonton,canada,"Edmonton, Alberta"
180,"chicago, il",chicago,united states,"Chicago, IL"
181,"chicago, il",chicago,united states,"Chicago, Il"
182,atlanta georgia,atlanta,united states,Atlanta Georgia
183,"kabul, tuebingen, innsbruck",kabul,afghanistan,"Kabul, Tuebingen, Innsbruck"
184,"nairobi, kenya ",nairobi,kenya,"Nairobi, Kenya "
185,erbil,erbil,iraq,Erbil
186,melbourne,melbourne,australia,melbourne
187,melbourne,melbourne,australia,Melbourne
188,"ikeja, nigeria",ikeja,nigeria,"Ikeja, Nigeria"
189,"sydney, australia",sydney,australia,"Sydney, Australia"
190,"sydney, australia",sydney,australia,"sydney, australia"
191,toronto-citizen of canada & us,toronto,canada,Toronto-Citizen of Canada & US
192,"new delhi, delhi",delhi,india,"New Delhi, Delhi"
193,"mumbai , india",mumbai,india,"Mumbai , India"
194,pittsburgh pa,pittsburgh,united states,Pittsburgh PA
195,"leeds, england",leeds,united kingdom,"Leeds, England"
196,"denver, colorado",denver,united states,"Denver, Colorado"
197,dallas,dallas,united states,dallas
198,"new orleans ,louisiana",new orleans,united states,"New Orleans ,Louisiana"
199,"dublin city, ireland",dublin,ireland,"Dublin City, Ireland"
200,"tulsa, oklahoma",tulsa,united states,"Tulsa, Oklahoma"
201,brisbane australia,brisbane,australia,Brisbane Australia
202,"concord, nh ",concord,united states,"Concord, NH "
203,"boston, ma",boston,united states,"Boston, MA"
204,"oklahoma city, ok",oklahoma city,united states,"Oklahoma City, OK"
205,san diego ca,san diego,united states,San Diego CA
206,"port charlotte, fl",charlotte,united states,"Port Charlotte, FL"
207,alabama,aba,nigeria,Alabama
208,long island ny & san francisco,san francisco,united states,Long Island NY & San Francisco
209,chicago area,chicago,united states,Chicago Area
210,cherry creek denver co,denver,united states,Cherry Creek Denver CO
211,"caracas, venezuela.",caracas,venezuela,"Caracas, Venezuela."
212,charlottetown,charlotte,united states,Charlottetown
213,"spokane, washington 99206",washington,united states,"Spokane, Washington 99206"
214,"sacramento, ca",sacramento,united states,"Sacramento, CA"
215,"greenpoint, brooklyn",brooklyn,united states,"Greenpoint, Brooklyn"
216,"victoria, british columbia",columbia,united states,"Victoria, British Columbia"
217,"copenhagen, capital region of denmark",copenhagen,denmark,"Copenhagen, Capital Region of Denmark"
218,seattle grace mercy death,seattle,united states,seattle grace mercy death
219,"tucson, arizona ",tucson,united states,"Tucson, Arizona "
220,charlotte county florida,charlotte,united states,Charlotte County Florida
221,melbourne australia,melbourne,australia,Melbourne Australia
222,"hoxton, london",london,united kingdom,"Hoxton, London"
223,"las vegas, nv usa",las vegas,united states,"Las Vegas, NV USA"
224,50% queanbeyan - 50% sydney,sydney,australia,50% Queanbeyan - 50% Sydney
225,"williamsbridge, bronx, new yor",bronx,united states,"Williamsbridge, Bronx, New Yor"
226,nairobi,nairobi,kenya,Nairobi
227,london uk,london,united kingdom,London UK
228,"1648 queen st. west, toronto.",toronto,canada,"1648 Queen St. West, Toronto."
229,"fairfield, california",cali,colombia,"Fairfield, California"
230,liverpool,liverpool,united kingdom,LIVERPOOL
231,liverpool,liverpool,united kingdom,Liverpool
232,"kansas city, mo",kansas city,united states,"Kansas City, MO"
233,"stockholm, sweden",stockholm,sweden,"Stockholm, Sweden"
234,"lima, perì¼",lima,peru,"Lima, PerÌ¼"
235,"quito, ecuador.",quito,ecuador,"Quito, Ecuador."
236,"portland, or",portland,united states,"Portland, OR"
237,"dublin, ireland",dublin,ireland,"Dublin, Ireland"
238,"las vegas, nevada",las vegas,united states,"Las Vegas, Nevada"
239,"moscow, russia",moscow,russia,"Moscow, Russia"
240,"london, england",london,united kingdom,"London, England"
241,"abuja, nigeria",abuja,nigeria,"Abuja, Nigeria"
242,sydney australia,sydney,australia,Sydney Australia
243,"lagos, nigeria",lagos,nigeria,"Lagos, Nigeria"
244,"new york, ny ",new york,united states,"New York, NY "
245,"madrid, comunidad de madrid",madrid,spain,"Madrid, Comunidad de Madrid"
246,"kolkata, india",kolkata,india,"Kolkata, India"
247,"chicago, illinois",chicago,united states,"Chicago, Illinois"
248,"manchester, uk.",manchester,united kingdom,"manchester, uk."
249,paris ,paris,france,Paris 
250,"kingston, jamaica",kingston,jamaica,"Kingston, Jamaica"
251,"alexandria, egypt.",alexandria,egypt,"Alexandria, Egypt."
252,instagram- chloe_bellx,agra,india,instagram- Chloe_Bellx
253,san francisco bay area,san francisco,united states,San Francisco Bay Area
254,wherever-the-fuck washington,washington,united states,wherever-the-fuck washington
255,"perth, western australia",perth,australia,"Perth, Western Australia"
256,"new york, usa",new york,united states,"New York, USA"
257,"maryland,baltimore",baltimore,united states,"Maryland,Baltimore"
258,"houston, texas",houston,united states,"Houston, Texas"
259,"dallas, texas. ",dallas,united states,"Dallas, Texas. "
260,"st. joseph, minnesota",jos,nigeria,"St. Joseph, Minnesota"
261,from a torn up town manchester,manchester,united kingdom,From a torn up town MANCHESTER
262,"johannesburg, south africa",johannesburg,south africa,"Johannesburg, South Africa"
263,california ,cali,colombia,California 
264,sacramento,sacramento,united states,Sacramento
265,"vancouver, colombie-britannique",vancouver,canada,"Vancouver, Colombie-Britannique"
266,"riverside, ca",riverside,united states,"Riverside, CA"
267,"seattle, wa usa",seattle,united states,"SEATTLE, WA USA"
268,"east atlanta, georgia",atlanta,united states,"East Atlanta, Georgia"
269,vancouver,vancouver,canada,Vancouver
270,"melbourne, australia",melbourne,australia,"Melbourne, Australia"
271,"  melbourne, australia",melbourne,australia,"  Melbourne, Australia"
272,"charleston, sc",charleston,united states,"Charleston, SC"
273,"gujranwala, pakistan",gujranwala,pakistan,"Gujranwala, Pakistan"
274,eastatlanta ??#westgeorgia'18,atlanta,united states,EastAtlanta ??#WestGeorgia'18
275,"san antonio, tx",san antonio,united states,"San Antonio, TX"
276,"cleveland, ohio",cleveland,united states,"Cleveland, Ohio"
277,"san diego, texas.",san diego,united states,"San Diego, Texas."
278,"washington, dc native",washington,united states,"Washington, DC NATIVE"
279,"miami, fl",miami,united states,"Miami, FL"
280,"toronto, worldwide ",toronto,canada,"Toronto, Worldwide "
281,guayaquil,guayaquil,ecuador,Guayaquil
282,chicago - lake buena vista,chicago,united states,Chicago - Lake Buena Vista
283,"toronto, ontario",toronto,canada,"Toronto, Ontario"
284,"toronto, ontario",toronto,canada,"toronto, ontario"
285,"antioch, california",cali,colombia,"antioch, california"
286,somewhere in cali ,cali,colombia,somewhere in cali 
287,"adelaide, australia",adelaide,australia,"Adelaide, Australia"
288,miami,miami,united states,Miami
289,miami,miami,united states,miami
290,"hamilton, on",hamilton,canada,"Hamilton, ON"
291,vancouver (hq) and worldwide,vancouver,canada,Vancouver (HQ) and worldwide
292,"quezon city, philippines",quezon city,philippines,"Quezon City, Philippines"
293,"hartford,  connecticut",hartford,united states,"Hartford,  connecticut"
294,"rome, italy",rome,italy,"Rome, Italy"
295,vilnius,vilnius,lithuania,Vilnius
296,cheshire. london. #allover,london,united kingdom,Cheshire. London. #allover
297,"bartholomew county, indiana",lome,,"Bartholomew County, Indiana"
298,"columbia, sc",columbia,united states,"Columbia, SC"
299,"new haven, connecticut",new haven,united states,"New Haven, Connecticut"
300,"261 5th avenue new york, ny ",new york,united states,"261 5th Avenue New York, NY "
301,"bhopal, madhya pradesh, india.",bhopal,india,"Bhopal, Madhya Pradesh, India."
302,lahar & gwalior,gwalior,india,Lahar & Gwalior
303,atlanta georgia ,atlanta,united states,Atlanta Georgia 
304,hailing from dayton ,dayton,united states,Hailing from Dayton 
305,instagram: trillrebel_,agra,india,Instagram: trillrebel_
306,"orlando, fl",orlando,united states,"Orlando, FL"
307,"orlando, fl",orlando,united states,"Orlando, Fl"
308,buffalo/dc,buffalo,united states,Buffalo/DC
309,"sylacauga, alabama",aba,nigeria,"Sylacauga, Alabama"
310,"los angeles,ca, usa",los angeles,united states,"Los Angeles,CA, USA"
311,"new york, new york",new york,united states,"New York, New York"
312,lagos,lagos,nigeria,Lagos
313,lagos,lagos,nigeria,LAGOS
314,london town..,london,united kingdom,london town..
315,"amman, jordan",amman,jordan,"Amman, Jordan"
316,"columbia heights, mn",columbia,united states,"Columbia Heights, MN"
317,772 temperance permenence,perm,russia,772 Temperance Permenence
318,campo grande-ms,campo grande,brazil,Campo Grande-MS
319,nbc washington,washington,united states,nbc washington
320,"hamilton, ontario canada",hamilton,canada,"Hamilton, Ontario Canada"
321,"dubai, united arab emirates",dubai,united arab emirates,"Dubai, United Arab Emirates"
322,hong kong,hong kong,hong kong,Hong Kong
323,"berlin, germany",berlin,germany,"Berlin, Germany"
324,"tampa, fl",tampa,united states,"Tampa, FL"
325,"tampa, fl",tampa,united states,"Tampa, Fl"
326,"bristol, uk",bristol,united kingdom,"Bristol, UK"
327,brisbane,brisbane,australia,Brisbane
328,melbourne-ish,melbourne,australia,Melbourne-ish
329,"karachi, pakistan",karachi,pakistan,"Karachi, Pakistan"
330,"port harcourt, nigeria",port harcourt,nigeria,"Port Harcourt, Nigeria"
331,kolkata,kolkata,india,KOLKATA
332,kolkata,kolkata,india,Kolkata
333,"nh via boston, ma",boston,united states,"NH via Boston, MA"
334,"glasgow, scotland",glasgow,united kingdom,"Glasgow, Scotland"
335,queens.,queens,united states,QUEENS.
336,beautiful british columbia,columbia,united states,Beautiful British Columbia
337,"lisbon, portugal",lisbon,portugal,"Lisbon, Portugal"
338,"buffalo, ny",buffalo,united states,"Buffalo, NY"
339,"washington, dc 20009",washington,united states,"Washington, DC 20009"
340,nairobi-kenya,nairobi,kenya,Nairobi-KENYA
341,"washington, d.c. ",washington,united states,"Washington, D.C. "
342,"jamshedpur, jharkhand",jamshedpur,india,"Jamshedpur, Jharkhand"
343,"dayton, oh",dayton,united states,"Dayton, OH"
344,"pune, mostly ",pune,india,"Pune, mostly "
345,lee london,london,united kingdom,lee london
346,"dc, frequently nyc/san diego",san diego,united states,"DC, frequently NYC/San Diego"
347,"enterprise, alabama",aba,nigeria,"Enterprise, Alabama"
348,"washington dc / nantes, france",washington,,"Washington DC / Nantes, France"
349,"durban, south africa",durban,south africa,"Durban, South Africa"
350,"alexandria, va",alexandria,egypt,"Alexandria, VA"
351,mumbai (india),mumbai,india,Mumbai (India)
352,coimbatore,coimbatore,india,Coimbatore
353,"chicago, il 60607",chicago,united states,"Chicago, IL 60607"
354,"palo alto, california",cali,colombia,"Palo Alto, California"
355,chicagoland,chicago,united states,Chicagoland
356,new delhi,delhi,india,New Delhi
357,"minneapolis,mn,us",minneapolis,united states,"Minneapolis,MN,US"
358,"chicago, il ",chicago,united states,"Chicago, IL "
359,"philadelphia, pa ",philadelphia,united states,"Philadelphia, PA "
360,"chicago,illinois",chicago,united states,"Chicago,Illinois"
361,"houston, texas ! ",houston,united states,"Houston, Texas ! "
362,st. louis mo.,st. louis,united states,St. Louis Mo.
363,"monterrey, mì©xico",monterrey,mexico,"Monterrey, MÌ©xico"
364,"2b hindhede rd, singapore",singapore,singapore,"2B Hindhede Rd, Singapore"
365,"kalimantan timur, indonesia",lima,,"Kalimantan Timur, Indonesia"
366,"manila, philippines",manila,philippines,"Manila, Philippines"
367,"richmond, va",richmond,united states,"Richmond, VA"
368,istanbul,istanbul,turkey,Istanbul
369,"san diego, ca",san diego,united states,"San Diego, CA"
370,johannesburg ,johannesburg,south africa,Johannesburg 
371,trackside california,cali,colombia,Trackside California
372,buenos aires argentina,buenos aires,argentina,buenos aires argentina
373,"surulere lagos,home of swagg",lagos,nigeria,"Surulere Lagos,Home Of Swagg"
374,montreal,montreal,canada,Montreal
375,"cuttack, orissa",cuttack,india,"Cuttack, Orissa"
376,new york nyc,new york,united states,New York NYC
377,moscow,moscow,russia,Moscow
378,"manchester, england",manchester,united kingdom,"Manchester, England"
379,soul somalia/body montreal,montreal,canada,Soul Somalia/Body Montreal
380,"manchester, uk",manchester,united kingdom,"Manchester, UK"
381,denver colorado,denver,united states,denver colorado
382,"ottawa,ontario canada",ottawa,canada,"Ottawa,Ontario Canada"
383,"memphis,tn/ world wide",memphis,united states,"Memphis,TN/ World Wide"
384,bronx nyc / m-city ny,bronx,united states,Bronx NYC / M-City NY
385,bangalore. india,bangalore,india,Bangalore. India
386,bangkok thailand,bangkok,thailand,Bangkok Thailand
387,brisbane.,brisbane,australia,Brisbane.
388,"port orange, fl",oran,algeria,"Port Orange, FL"
389,accra ghana,accra,ghana,ACCRA GHANA
390,st joseph de beauce,jos,nigeria,St Joseph de Beauce
391,vancouver bc,vancouver,canada,Vancouver BC
392,devon/london ,london,united kingdom,Devon/London 
393,atlanta g.a.,atlanta,united states,Atlanta g.a.
394,washington dc,washington,united states,Washington DC
395,"philadelphia, pa usa",philadelphia,united states,"Philadelphia, PA USA"
396,"lima, peru",lima,peru,"Lima, Peru"
397,"fort worth, texas",fort worth,united states,"Fort Worth, Texas"
398,"ojodu,lagos",lagos,nigeria,"Ojodu,Lagos"
399,manila,manila,philippines,Manila
400,nyc-la-miami,miami,united states,NYC-LA-MIAMI
401,"san francisco , ca",san francisco,united states,"San Francisco , CA"
402,philadelphia,philadelphia,united states,Philadelphia
403,"abuja,nigeria",abuja,nigeria,"Abuja,Nigeria"
404,"gainesville/tampa, fl",tampa,united states,"Gainesville/Tampa, FL"
405,colorado springs,colorado springs,united states,Colorado Springs
406,"jacksonville beach, fl",jacksonville,united states,"Jacksonville Beach, FL"
407,"richmond heights, oh",richmond,united states,"Richmond Heights, OH"
408,tampa,tampa,united states,Tampa
409,university of chicago,chicago,united states,University of Chicago
410,coasts of maine & california,cali,colombia,Coasts of Maine & California
411,pittsburgh ,pittsburgh,united states,Pittsburgh 
412,"el paso, texas",el paso,united states,"El Paso, Texas"
413,"marrakech mì©dina, marrakech - tensift - al haouz",marrakech,morocco,"Marrakech MÌ©dina, Marrakech - Tensift - Al Haouz"
414,"barcelona, spain",barcelona,spain,"Barcelona, Spain"
415,"cairo, egypt.",cairo,egypt,"Cairo, Egypt."
416,karachi pakistan,karachi,pakistan,Karachi Pakistan
417,columbus ?? north carolina,columbus,united states,Columbus ?? North Carolina
418,phoenix,phoenix,united states,Phoenix
419,davao city,davao,philippines,Davao City
420,"based out of portland, oregon",portland,united states,"Based out of Portland, Oregon"
421,"indianapolis, in",indianapolis,,"Indianapolis, IN"
422,adelaide,adelaide,australia,Adelaide
423,"kuala lumpur, malaysia",kuala lumpur,malaysia,"Kuala Lumpur, Malaysia"
424,"alexandria, va, usa",alexandria,egypt,"Alexandria, VA, USA"
425,"bakersfield, ca",bakersfield,united states,"Bakersfield, CA"
426,"calgary, alberta, canada",calgary,canada,"Calgary, Alberta, Canada"
427,nagpur,nagpur,india,Nagpur
428,"calgary,ab, canada",calgary,canada,"Calgary,AB, Canada"
429,calgary,calgary,canada,Calgary
430,kansas city,kansas city,united states,Kansas City
431,"usa, alabama",aba,nigeria,"USA, Alabama"
432,"british columbia, canada",columbia,,"British Columbia, Canada"
433,auckland,auckland,new zealand,Auckland
434,"orange county, ny",oran,algeria,"Orange County, NY"
435,"rochester, ny",rochester,united states,"Rochester, NY"
436,san diego,san diego,united states,San Diego
437,rochester,rochester,united states,Rochester
438,"gold coast, qld, australia",gold coast,australia,"Gold Coast, Qld, Australia"
439,nashville,nashville,united states,Nashville
440,gold coast,gold coast,australia,Gold Coast
441,"portland, ore. ",portland,united states,"Portland, Ore. "
442,manchester uk,manchester,united kingdom,Manchester UK
443,"hackney, london",london,united kingdom,"Hackney, London"
444,"queensland, australia",queens,,"Queensland, Australia"
445,"harpurhey, manchester, uk",manchester,united kingdom,"Harpurhey, Manchester, UK"
446,"benton city, washington",washington,united states,"Benton City, Washington"
447,"chicago, but philly is home",chicago,united states,"Chicago, but Philly is home"
448,seoul,seoul,south korea,seoul
449,"hensley street, portland",portland,united states,"Hensley Street, Portland"
450,"gold coast, australia",gold coast,australia,"Gold Coast, Australia"
451,washington,washington,united states,Washington
452,"eureka, california, usa",cali,colombia,"Eureka, California, USA"
453,northern california u.s.a.,cali,colombia,Northern California U.S.A.
454,"new orleans, louisiana",new orleans,united states,"New Orleans, Louisiana"
455,"cleveland, tn",cleveland,united states,"Cleveland, TN"
456,winnipeg,winnipeg,canada,Winnipeg
457,?????? in yokohama japan,yokohama,japan,?????? in Yokohama Japan
458,zboyer@washingtontimes.com,washington,united states,zboyer@washingtontimes.com
459,"london, united kingdom",london,united kingdom,"London, United Kingdom"
460,"chicago heights, il",chicago,united states,"Chicago Heights, IL"
461,"city of london, london",london,united kingdom,"City of London, London"
462,east london. ,london,united kingdom,East London. 
463,jammu and kashmir,jammu,india,Jammu and Kashmir
464,los angeles... ca... usa,los angeles,united states,Los Angeles... CA... USA
465,"kyiv, ukraine",kyiv,ukraine,"Kyiv, Ukraine"
466,"edappally,kochi",kochi,india,"Edappally,Kochi"
467,"wood buffalo, alberta",buffalo,united states,"Wood Buffalo, Alberta"
468,varanasi,varanasi,india,Varanasi
469,thane,thane,india,Thane
470,southern california,cali,colombia,Southern California
471,southern california,cali,colombia,southern california
472,"jaipur, rajasthan, india",jaipur,india,"Jaipur, Rajasthan, India"
473,"new york city ,ny",new york,united states,"New York City ,NY"
474,oman muscat al seeb ,muscat,oman,oman muscat al seeb 
475,"lima, ohio",lima,peru,"Lima, Ohio"
476,hueco mundo,hue,vietnam,Hueco Mundo
477,boston û¢ cape cod ?,boston,united states,Boston Û¢ Cape Cod ?
478,grand rapids mi,grand rapids,united states,Grand Rapids MI
479,new york ,new york,united states,New York 
480,"houston, tx  ",houston,united states,"Houston, TX  "
481,"sitting on the fence, new york",new york,united states,"sitting on the fence, New York"
482,saudi arabia - riyadh ,riyadh,saudi arabia,SaudI arabia - riyadh 
483,new york. ny,new york,united states,New York. NY
484,athens - nicosia,athens,greece,Athens - Nicosia
485,"tulalip, washington",washington,united states,"Tulalip, Washington"
486,brooklyn,brooklyn,united states,Brooklyn
487,"louisville, kentucky",louisville,united states,"louisville, kentucky"
488,district 12 - orange county,oran,algeria,District 12 - Orange County
489,"orange county, ca",oran,algeria,"Orange County, CA"
490,"laguna beach, calif. ",cali,colombia,"Laguna Beach, Calif. "
491,aracaju - sergipe,aracaju,brazil,Aracaju - Sergipe
492,"nashville, tennessee",nashville,united states,"Nashville, Tennessee"
493,"franklin, tn near nashville",nashville,united states,"Franklin, TN near Nashville"
494,"st. louis, missouri",st. louis,united states,"St. Louis, Missouri"
495,bandung,bandung,indonesia,Bandung
496,"louisville, ky ",louisville,united states,"Louisville, KY "
497,manaus,manaus,brazil,manaus
498,santo domingo alma rosa ,santo domingo,dominican republic,Santo Domingo Alma Rosa 
499,houston |??| corsicana,houston,united states,Houston |??| Corsicana
500,"cincinnati, oh",cincinnati,united states,"Cincinnati, OH"
501,"astley, manchester",manchester,united kingdom,"Astley, Manchester"
502,"frome, somerset, england",rome,italy,"Frome, Somerset, England"
503,"melbourne, victoria",melbourne,australia,"Melbourne, Victoria"
504,leeds,leeds,united kingdom,Leeds
505,"mississauga, ontario",mississauga,canada,"Mississauga, Ontario"
506,delhi ,delhi,india,Delhi 
507,pomfret/providence,providence,united states,Pomfret/Providence
508,"tampa-st. petersburg, fl",tampa,united states,"Tampa-St. Petersburg, FL"
509,"huntsville, alabama",aba,nigeria,"Huntsville, Alabama"
510,metro manila,manila,philippines,Metro Manila
511,"honolulu, hawaii",honolulu,united states,"Honolulu, Hawaii"
512,"miami beach, fl",miami,united states,"Miami Beach, Fl"
513,"sherwood, brisbane, australia",brisbane,australia,"Sherwood, Brisbane, Australia"
514,"ogba, lagos, nigeria",lagos,nigeria,"Ogba, Lagos, Nigeria"
515,"concord, n.c.",concord,united states,"Concord, N.C."
516,"redding, california, usa",cali,colombia,"Redding, California, USA"
517,los angeles for now,los angeles,united states,Los Angeles for now
518,western washington,washington,united states,Western Washington
519,calgary/airdrie/reddeer/ab,calgary,canada,Calgary/Airdrie/RedDeer/AB
520,"brasil, fortaleza ce",fortaleza,brazil,"Brasil, Fortaleza ce"
521,"rapid city, south dakota",kota,india,"Rapid City, South Dakota"
522,washington state,washington,united states,Washington State
523,washington state,washington,united states,Washington state
524,"calgary, canada",calgary,canada,"Calgary, Canada"
525,"wyoming, mi (grand rapids)",grand rapids,united states,"Wyoming, MI (Grand Rapids)"
526,"calgary, ab, canada",calgary,canada,"Calgary, AB, Canada"
527," queensland, australia",queens,," Queensland, Australia"
528,"roppongi, minato, tokyo ",tokyo,japan,"Roppongi, Minato, Tokyo "
529,"muntinlupa city, philippines",muntinlupa city,philippines,"Muntinlupa City, Philippines"
530,"mysore, karnataka",mysore,india,"Mysore, Karnataka"
531,"fort worth,  texas ",fort worth,united states,"Fort Worth,  Texas "
532,"crayford, london",london,united kingdom,"Crayford, London"
533,liverpool ,liverpool,united kingdom,liverpool 
534,albuquerque new mexico,albuquerque,,Albuquerque New Mexico
535,riyadh,riyadh,saudi arabia,Riyadh
536,"11th dimension, los angeles",los angeles,united states,"11th dimension, los angeles"
537,"charleston, wv",charleston,united states,"Charleston, WV"
538,riyadh '),riyadh,saudi arabia,Riyadh ')
539,houston tx,houston,united states,Houston TX
540,"near richmond, va",richmond,united states,"Near Richmond, VA"
541,"miami, florida",miami,united states,"Miami, Florida"
542,"louisville, ky",louisville,united states,"Louisville, KY"
543,"sarasota, fl",sarasota,united states,"Sarasota, FL"
544,"el paso, tx",el paso,united states,"El Paso, TX"
545,"south pasadena, ca",aden,yemen,"South Pasadena, CA"
546,"perth, australia ",perth,australia,"perth, australia "
547,"brisbane, australia",brisbane,australia,"brisbane, australia"
548,"chiyoda ward, tokyo",tokyo,japan,"Chiyoda Ward, Tokyo"
549,rome,rome,italy,rome
550,"athens,greece",athens,greece,"Athens,Greece"
551,glenview to knoxville ,knoxville,united states,Glenview to Knoxville 
552,"melbourne, fl",melbourne,australia,"Melbourne, FL"
553,new chicago,chicago,united states,New Chicago
554,"las vegas, nv",las vegas,united states,"Las Vegas, NV"
555, miami beach,miami,united states, Miami Beach
556,berlin - germany,berlin,germany,Berlin - Germany
557,mexico city,mexico city,mexico,Mexico City
558,"srinagar,kashmir",srinagar,india,"Srinagar,Kashmir"
559,"lucknow, india",lucknow,india,"Lucknow, India"
560,bronx ny,bronx,united states,Bronx NY
561,"orlando,fl  usa",orlando,united states,"Orlando,FL  USA"
562,north london,london,united kingdom,North London
563,north west london,london,united kingdom,North West London
564,"sutton, london uk",london,united kingdom,"Sutton, London UK"
565,"madison, wi & st. louis mo",st. louis,united states,"Madison, WI & St. Louis MO"
566,california or colorado,cali,colombia,California or Colorado
567,"mesa, az",mesa,united states,"Mesa, AZ"
568,lahore,lahore,pakistan,Lahore
569,"shah alam,malaysia",shah alam,malaysia,"Shah Alam,Malaysia"
570,"dubai, uae",dubai,united arab emirates,"Dubai, UAE"
571,"nairobi , kenya",nairobi,kenya,"Nairobi , Kenya"
572,baltimore,baltimore,united states,Baltimore
573,"boston, massachusetts",boston,united states,"Boston, Massachusetts"
574,bristol,bristol,united kingdom,Bristol
575,the windy plains of denver,denver,united states,The windy plains of Denver
576,"toronto, on, canada",toronto,canada,"Toronto, ON, Canada"
577,"athens, greece",athens,greece,"Athens, Greece"
578,detroit tigers dugout,detroit,united states,Detroit Tigers Dugout
579,detroit/windsor,detroit,united states,Detroit/Windsor
580,"medan,indonesia",medan,indonesia,"Medan,Indonesia"
581,jakarta,jakarta,indonesia,Jakarta
582,"bandar lampung, indonesia",bandar lampung,indonesia,"Bandar Lampung, Indonesia"
583,"memphis, in the tennessees",memphis,united states,"Memphis, in the Tennessees"
584,"rotterdam, the netherlands",rotterdam,netherlands,"Rotterdam, The Netherlands"
585,"holland mi via houston, cle",houston,united states,"Holland MI via Houston, CLE"
586,"wandsworth, london",london,united kingdom,"Wandsworth, London"
587,london essex england uk,london,united kingdom,london essex england uk
588,hemel hempstead,hempstead,united states,Hemel Hempstead
589,fresno,fresno,united states,Fresno
590,minneapolis - st. paul,minneapolis,united states,Minneapolis - St. Paul
591,las vegas aka hell,las vegas,united states,Las Vegas aka Hell
592,vancouver canada,vancouver,canada,Vancouver Canada
593,"vancouver, bc, canada",vancouver,canada,"Vancouver, BC, Canada"
594,"raleigh, nc",raleigh,united states,"Raleigh, NC"
595,worldwide-boston,boston,united states,WORLDWIDE-BOSTON
596,"detroit, michigan",detroit,united states,"Detroit, Michigan"
597,oldenburg // london,london,united kingdom,Oldenburg // London
598,"flushing, queens",queens,united states,"Flushing, Queens"
599,boston ma,boston,united states,Boston MA
600,"crouch end, london",london,united kingdom,"Crouch End, London"
601,"ealing, london",london,united kingdom,"Ealing, London"
602,"london, greater london, uk",london,united kingdom,"London, Greater London, UK"
603,birmingham & bristol,bristol,united kingdom,Birmingham & Bristol
604,"chiswick, london",london,united kingdom,"Chiswick, London"
605,"orlando/cocoa beach, fl",orlando,united states,"Orlando/Cocoa Beach, FL"
606,"suburban detroit, michigan",detroit,united states,"Suburban Detroit, Michigan"
607,austin tx,austin,united states,Austin TX
608,austin tx,austin,united states,austin tx
609,"hammersmith, london",london,united kingdom,"Hammersmith, London"
610,"dhaka, bangladsh",dhaka,bangladesh,"Dhaka, Bangladsh"
611,"usa, north dakota",kota,india,"USA, North Dakota"
612,"phoenix, arizona, usa",phoenix,united states,"Phoenix, Arizona, USA"
613,paris (france),paris,france,Paris (France)
614,se london(heart is by the sea),london,united kingdom,SE London(heart is by the sea)
615,warsaw,warsaw,poland,Warsaw
616,"winnipeg, manitoba",winnipeg,canada,"Winnipeg, Manitoba"
617,born in baltimore living in pa,baltimore,united states,Born in Baltimore Living in PA
618,"sydney, nsw",sydney,australia,"Sydney, NSW"
619,"central coast, california",cali,colombia,"Central Coast, California"
620,street of dallas,dallas,united states,Street of Dallas
621,"new york city, ny",new york,united states,"New York City, NY"
622,akure city in ondo state ,akure,nigeria,Akure city in ondo state 
623,"fct, abuja ",abuja,nigeria,"FCT, Abuja "
624,"ile-ife,osun state, nigeria",ile-ife,nigeria,"Ile-Ife,Osun state, Nigeria"
625,"fukuoka, japan",fukuoka,japan,"Fukuoka, Japan"
626,kano,kano,nigeria,kano
627,dallas fort-worth,dallas,united states,Dallas Fort-Worth
628,"mumbai, india",mumbai,india,"Mumbai, India"
629,"vont island, lagos",lagos,nigeria,"VONT ISLAND, LAGOS"
630,"leeds, uk",leeds,united kingdom,"Leeds, UK"
631,"toronto, canada",toronto,canada,"Toronto, Canada"
632,miami?gainesville,miami,united states,Miami?Gainesville
633,"leeds, united kingdom",leeds,united kingdom,"Leeds, United Kingdom"
634,"charleston, il",charleston,united states,"Charleston, IL"
635,"charlotte, nc | kì¦ln, nrw",charlotte,united states,"Charlotte, NC | KÌ¦ln, NRW"
636,"palm bay, fl (kissimmee)",palm bay,united states,"Palm Bay, FL (Kissimmee)"
637,manhattan,manhattan,united states,Manhattan
638,milwaukee wi,milwaukee,united states,Milwaukee WI
639,detroit,detroit,united states,Detroit
640,oxford / bristol,bristol,united kingdom,Oxford / bristol
641,near warrington,warri,nigeria,Near Warrington
642,"kansas city, mo.",kansas city,united states,"Kansas City, Mo."
643,"bangalore, india",bangalore,india,"Bangalore, India"
644,"bangalore, india",bangalore,india,"Bangalore, INDIA"
645,houston ,houston,united states,Houston 
646,los angeles ,los angeles,united states,Los Angeles 
647,bucharest,bucharest,romania,Bucharest
648,"joshua tree, ca",jos,nigeria,"Joshua Tree, CA"
649,southern califorina,cali,colombia,Southern Califorina
650,"nyc, new york",new york,united states,"NYC, New York"
651,"new york, united states",new york,united states,"New York, United States"
652,"poplar, london",london,united kingdom,"Poplar, London"
653,vancouver usa,vancouver,canada,vancouver usa
654,"sicamous, british columbia",columbia,united states,"Sicamous, British Columbia"
655,north memphis/global citizen,memphis,united states,North Memphis/Global Citizen
656,"porto alegre, rio grande do sul",porto alegre,brazil,"Porto Alegre, Rio Grande do Sul"
657,"north vancouver, bc",vancouver,canada,"North Vancouver, BC"
658,"tulsa, ok",tulsa,united states,"Tulsa, OK"
659, baku & erzurum ,baku,azerbaijan, Baku & Erzurum 
660,warri,warri,nigeria,Warri
661,"amman,jordan",amman,jordan,"Amman,Jordan"
662,"auckland, new zealand",auckland,new zealand,"Auckland, New Zealand"
663,"nyc,us - cali, colombia",cali,colombia,"NYC,US - Cali, Colombia"
664,"surry hills, sydney",sydney,australia,"Surry Hills, Sydney"
665,"philadelphia, pennsylvania usa",philadelphia,united states,"Philadelphia, Pennsylvania USA"
666,"leeds, u.k.",leeds,united kingdom,"Leeds, U.K."
667,kuala lumpur,kuala lumpur,malaysia,Kuala Lumpur
668,"paris, france",paris,france,"Paris, France"
669,belgrade,belgrade,serbia,Belgrade
670,east london,london,united kingdom,East London
671,"detroit, mi",detroit,united states,"Detroit, MI"
672,malang,malang,indonesia,Malang
673,dublin,dublin,ireland,Dublin
674,upstate new york,new york,united states,Upstate New York
675,"columbus, georgia",columbus,united states,"Columbus, Georgia"
676,"accra,ghana",accra,ghana,"Accra,Ghana"
677,phoenix az,phoenix,united states,Phoenix Az
678,made here in detroit ,detroit,united states,Made Here In Detroit 
679,"dallas, tejas",dallas,united states,"Dallas, Tejas"
680,"atlanta , georgia ",atlanta,united states,"ATLANTA , GEORGIA "
681,depok,depok,indonesia,Depok
682,london / birmingham,london,united kingdom,London / Birmingham
683,followurdreams(& my instagram),agra,india,followurDREAMS(& my instagram)
684,sheffield // rotherham,sheffield,united kingdom,sheffield // rotherham
685,"lima, oh",lima,peru,"Lima, OH"
686,new york - connecticut,new york,united states,New York - Connecticut
687,"hamilton county, in",hamilton,canada,"Hamilton County, IN"
688,dakar,dakar,senegal,Dakar
689,"the sanctuary network, rome",rome,italy,"The Sanctuary Network, Rome"
690,tractor land aka bristol,bristol,united kingdom,Tractor land aka Bristol
691,adventuring in narnia,turin,italy,Adventuring in Narnia
692,"charlotte, north carolina",charlotte,united states,"Charlotte, North Carolina"
693,'san antoniooooo',san antonio,united states,'SAN ANTONIOOOOO'
694,rio de janeiro | brazil,rio de janeiro,brazil,rio de janeiro | brazil
695,pittsburgh,pittsburgh,united states,Pittsburgh
696,"mogadishu, new jersey",mogadishu,somalia,"Mogadishu, New Jersey"
697,"melbourne, australia.",melbourne,australia,"Melbourne, Australia."
698,lives in london,london,united kingdom,Lives in London
699,412 nw 5th ave. portland or,portland,united states,412 NW 5th Ave. Portland OR
700,"mogadishu, somalia",mogadishu,somalia,"Mogadishu, Somalia"
701,"atlanta(ish), ga",atlanta,united states,"Atlanta(ish), GA"
702,queensland,queens,united states,Queensland
703,"ciudad autì_noma de buenos aires, argentina",buenos aires,argentina,"Ciudad AutÌ_noma de Buenos Aires, Argentina"
704,"uae,sharjah/ abudhabi",sharjah,united arab emirates,"UAE,Sharjah/ AbuDhabi"
705,paris.,paris,france,Paris.
706,"honolulu,hawaii ",honolulu,united states,"Honolulu,Hawaii "
707,greater los angeles bearia,los angeles,united states,Greater Los Angeles Bearia
708,"hamburg, de",hamburg,germany,"Hamburg, DE"
709,"winnipeg, mb, canada",winnipeg,canada,"Winnipeg, MB, Canada"
710,"bronx, ny",bronx,united states,"Bronx, NY"
711,western new york,new york,united states,Western New York
712, new delhi ,delhi,india, New Delhi 
713,"ottawa, ontario",ottawa,canada,"Ottawa, Ontario"
714,"cimahi,west java,indonesia",cimahi,indonesia,"Cimahi,West Java,Indonesia"
715,homs- syria,homs,syria,Homs- Syria
716,lagos. unilag,lagos,nigeria,lagos. Unilag
717,helsinki,helsinki,finland,Helsinki
718,paris,paris,france,Paris
719,chicago il,chicago,united states,Chicago IL
720,mainly california,cali,colombia,mainly California
721,nairobi  kenya ,nairobi,kenya,NAIROBI  KENYA 
722,"semarang, indonesia",semarang,indonesia,"Semarang, Indonesia"
723,"camberwell, melbourne",melbourne,australia,"Camberwell, Melbourne"
724,"dallas, tx ",dallas,united states,"Dallas, TX "
725,"philadelphia, pennsylvania",philadelphia,united states,"Philadelphia, Pennsylvania"
726,sao paulo,sao paulo,brazil,Sao Paulo
727,"berlin, ny, dc, malibu",berlin,,"Berlin, NY, DC, Malibu"
728,"salt lake city, ut",salt lake city,united states,"Salt Lake City, UT"
729,jeddah_saudi arabia.,jeddah,saudi arabia,Jeddah_Saudi Arabia.
730,"bangalore city, india",bangalore,india,"Bangalore City, India"
731,iraq|afghanistan| rsa |baghdad,baghdad,iraq,Iraq|Afghanistan| RSA |Baghdad
732,peshawar pakistan ,peshawar,pakistan,peshawar pakistan 
733,"new delhi, india",delhi,india,"New Delhi, India"
734,chennai,chennai,india,Chennai
735,"bilaspur,chhattisgarh,495001",bilaspur,india,"BILASPUR,CHHATTISGARH,495001"
736,charleston s.c.,charleston,united states,Charleston S.C.
737,"kwajalein/virginia/dayton, oh",dayton,united states,"Kwajalein/Virginia/Dayton, OH"
738,"atlanta, georgia usa",atlanta,united states,"Atlanta, Georgia USA"
739,austin,austin,united states,Austin
740,providence ri / lisnaskea ,providence,united states,Providence RI / Lisnaskea 
741,khartoum sudan,khartoum,sudan,khartoum sudan
742,new jersey/new york,new york,united states,New Jersey/New York
743,dubai ,dubai,united arab emirates,dubai 
744,houston,houston,united states,houston
745,houston,houston,united states,Houston
746,orlando ,orlando,united states,Orlando 
747,orlando,orlando,united states,Orlando
748,local atlanta news 4/28/00 - 4/28/15 freelancer,atlanta,united states,LOCAL ATLANTA NEWS 4/28/00 - 4/28/15 FREELANCER
749,"minneapolis, mn",minneapolis,united states,"Minneapolis, MN"
750,minneapolis/st. paul,minneapolis,united states,Minneapolis/St. Paul
751,dublin ,dublin,ireland,dublin 
752,londonstan,london,united kingdom,Londonstan
753,"hampstead, london.",london,united kingdom,"Hampstead, London."
754,"rochester hills, mi",rochester,united states,"Rochester Hills, MI"
755,"davis, california",cali,colombia,"Davis, California"
756,manila city,manila,philippines,Manila City
757,"las vegas, nv ",las vegas,united states,"Las Vegas, NV "
758,instagram: bribriony,agra,india,instagram: bribriony
759,downtown oklahoma city,oklahoma city,united states,Downtown Oklahoma City
760,"seattle native in prescott, az",seattle,united states,"Seattle native in Prescott, AZ"
761,"ibadan,oyo state",ibadan,nigeria,"Ibadan,Oyo state"
762,"tema,accra",accra,ghana,"Tema,Accra"
763,dhaka,dhaka,bangladesh,Dhaka
764,"deadend, uk",aden,yemen,"Deadend, UK"
765,sydney & worldwide,sydney,australia,Sydney & Worldwide
766,"hamilton, ontario ca",hamilton,canada,"Hamilton, Ontario CA"
767,oregon and washington,washington,united states,Oregon and Washington
768,oshawa/toronto,toronto,canada,Oshawa/Toronto
769,amsterdam & worldwide,amsterdam,netherlands,Amsterdam & Worldwide
770,"perth, australia",perth,australia,"Perth, Australia"
771,"west coast, cali usa",cali,colombia,"West Coast, Cali USA"
772,"nashville, tn ",nashville,united states,"nashville, tn "
773,"brooklyn, nyc",brooklyn,united states,"BROOKLYN, NYC"
774,"brooklyn, nyc",brooklyn,united states,"brooklyn, NYC"
775,new york 2099,new york,united states,New York 2099
776,"haveli, maharashtra",rasht,iran,"Haveli, Maharashtra"
777,denver colorado. fun times,denver,united states,Denver Colorado. Fun Times
778,beirut/toronto,toronto,canada,Beirut/Toronto
779,california | oregon | peru |,cali,,california | oregon | peru |
780,n. california usa,cali,colombia,N. California USA
781,st. louis,st. louis,united states,St. Louis
782,sheff/bangor/salamanca/madrid,madrid,spain,Sheff/Bangor/Salamanca/Madrid
783,atlanta - fau class of '18,atlanta,united states,Atlanta - FAU class of '18
784,"bristol, england",bristol,united kingdom,"Bristol, England"
785,madrid,madrid,spain,Madrid
786,"hartford, connecticut",hartford,united states,"Hartford, Connecticut"
787,"west vancouver, b.c.",vancouver,canada,"West Vancouver, B.C."
788,lancaster california,cali,colombia,Lancaster California
789,"jakarta, indonesia",jakarta,indonesia,"Jakarta, Indonesia"
790,"calgary,ab",calgary,canada,"calgary,ab"
791,"miami,fla",miami,united states,"Miami,Fla"
792,santo domingo,santo domingo,dominican republic,santo domingo
793,charlotte ,charlotte,united states,Charlotte 
794,"sale, england",sale,morocco,"Sale, England"
795,"charlotte, n.c.",charlotte,united states,"Charlotte, N.C."
796,"kaduna, nigeria",kaduna,nigeria,"KADUNA, NIGERIA"
797,"cody, austin follows ?*?",austin,united states,"cody, austin follows ?*?"
798,"atlanta, georgia",atlanta,united states,"Atlanta, Georgia"
799,"alabama, usa",aba,nigeria,"Alabama, USA"
800,bangkok,bangkok,thailand,Bangkok
801,maharashtra,rasht,iran,Maharashtra
802,"new delhi,india",delhi,india,"New Delhi,India"
803,milwaukee county,milwaukee,united states,Milwaukee County
804,  glasgow ,glasgow,united kingdom,  Glasgow 
805,"vancouver, canada",vancouver,canada,"Vancouver, Canada"
806,london ,london,united kingdom,London 
807,india,,india,India
808,india,,india,india
809,india,,india,INDIA
810,south africa,,south africa,South Africa
811,south africa,,south africa,South africa
812,australia,,australia,Australia
813,"njoro, kenya",,kenya,"Njoro, Kenya"
814,belgium,,belgium,Belgium
815,"oshawa, canada",,canada,"Oshawa, Canada"
816,united states,,united states,United States
817,"spain but opa-locka, fl",,spain,"Spain but Opa-Locka, FL"
818,hyderabad telangana india,,india,Hyderabad Telangana INDIA
819,indonesia,,indonesia,Indonesia
820,"new mexico, usa",,mexico,"New Mexico, USA"
821,sri lanka,,sri lanka,sri lanka
822,canada,,canada,Canada
823,canada,,canada,canada
824,israel,,israel,Israel
825,israel,,israel,israel
826,italy,,italy,italy
827,italy,,italy,ITALY
828,italy,,italy,Italy
829,spain,,spain,Spain
830,pakistan,,pakistan,Pakistan
831,mexico! ^_^,,mexico,Mexico! ^_^
832,"eldoret, kenya",,kenya,"Eldoret, kenya"
833,"jerusalem, israel",,israel,"Jerusalem, Israel"
834,ireland,,ireland,Ireland
835,"scotland, united kingdom",,united kingdom,"Scotland, United Kingdom"
836,"groningen, netherlands, europe",,netherlands,"Groningen, Netherlands, Europe"
837,philippines,,philippines,Philippines
838,"espoo, finland",,finland,"Espoo, Finland"
839, indiana,,india, Indiana
840,kama | 18 | france ,,france,Kama | 18 | France 
841,"ijmuiden, the netherlands",,netherlands,"IJmuiden, The Netherlands"
842,guelph ontario canada,,canada,Guelph Ontario Canada
843,ontario canada,,canada,Ontario Canada
844,malaysia,,malaysia,Malaysia
845,shity land of northern ireland,,ireland,Shity land of Northern Ireland
846,christchurch new zealand,,new zealand,Christchurch New Zealand
847,brazil ,,brazil,Brazil 
848,former yugoslav republic of macedonia,,macedonia,Former Yugoslav Republic of Macedonia
849,united kingdom,,united kingdom,United Kingdom
850,"odawara, japan",,japan,"Odawara, Japan"
851,netherlands,,netherlands,Netherlands
852,"dì_sseldorf, germany",,germany,"DÌ_sseldorf, Germany"
853,proud indians,,india,PROUD INDIANS
854,"playa del carmen, mexico",,mexico,"Playa del Carmen, Mexico"
855,"ny, ct & greece",,greece,"NY, CT & Greece"
856,"mackay, qld, australia",,australia,"Mackay, QLD, Australia"
857,"england, united kingdom",,united kingdom,"England, United Kingdom"
858,sweden,,sweden,Sweden
859,sweden,,sweden,sweden
860,germany,,germany,germany
861,germany,,germany,Germany
862,australian capital territory,,australia,Australian Capital Territory
863,"nelspruit, south africa",,south africa,"Nelspruit, South Africa"
864,head office: united kingdom,,united kingdom,Head Office: United Kingdom
865,jamaica,,jamaica,Jamaica
866,"canberra, australian capital territory",,australia,"Canberra, Australian Capital Territory"
867,indiana,,india,indiana
868,indiana,,india,Indiana
869,"afghanistan, usa",,afghanistan,"Afghanistan, USA"
870,kenya,,kenya,Kenya
871,kenya,,kenya,kenya
872,hartford  london hong kong,,hong kong,Hartford  London Hong Kong
873,"wellington, new zealand",,new zealand,"Wellington, New Zealand"
874,america | new zealand ,,new zealand,America | New Zealand 
875,portugal,,portugal,Portugal
876,"virginia, united states",,united states,"Virginia, United States"
877,colombia,,colombia,Colombia
878,"orbost, victoria, australia",,australia,"Orbost, Victoria, Australia"
879,norway,,norway,norway
880,norway,,norway,Norway
881,the netherlands,,netherlands,The Netherlands
882,"jubail ic, saudi arabia",,saudi arabia,"Jubail IC, Saudi Arabia"
883,"sandton, south africa",,south africa,"Sandton, South Africa"
884,"ontario, canada",,canada,"Ontario, Canada"
885,"peterborough, ontario, canada",,canada,"Peterborough, Ontario, Canada"
886,"aix-en-provence, france",,france,"Aix-en-Provence, France"
887,"pakistan, islamabad",,pakistan,"Pakistan, Islamabad"
888,"ontario, canada. ",,canada,"Ontario, Canada. "
889,"kla,uganda",,uganda,"KLA,Uganda"
890,uganda,,uganda,Uganda
891,republic of the philippines,,philippines,Republic of the Philippines
892,philippines ,,philippines,Philippines 
893,somewhere in the canada,,canada,Somewhere in the Canada
894,uruguay / westeros / gallifrey,,uruguay,Uruguay / Westeros / Gallifrey
895,afghanistan,,afghanistan,Afghanistan
896,somewhere in portugal,,portugal,somewhere in Portugal
897,dundalk ireland,,ireland,dundalk ireland
898,"alicante, spain",,spain,"Alicante, Spain"
899,iraq,,iraq,IRAQ
900,"labuan, malaysia",,malaysia,"labuan, malaysia"
901,"brackley beach, pe, canada",,canada,"Brackley Beach, PE, Canada"
902,#????? libya#,,libya,#????? Libya#
903,"catalonia, spain",,spain,"Catalonia, Spain"
904,"washington, krasnodar (russia)",,russia,"Washington, Krasnodar (Russia)"
905,eritrean,,eritrea,eritrean
906,"dorset, united kingdom",,united kingdom,"Dorset, United Kingdom"
907,"lahti, finland",,finland,"Lahti, Finland"
908,chile,,chile,Chile
909,japan,,japan,Japan
910,honduras,,honduras,Honduras
911,thailand,,thailand,Thailand
912,patra-greece.,,greece,Patra-Greece.
913,"silesia, poland",,poland,"Silesia, Poland"
914,"morioh, japan",,japan,"Morioh, Japan"
915,back in japan ??????????,,japan,back in japan ??????????
916,northern ireland,,ireland,Northern Ireland
917,"indonesia
",,indonesia,"Indonesia
"
918,portoviejo-manabi-ecuador,,ecuador,Portoviejo-Manabi-Ecuador
919,morocco,,morocco,Morocco
920,uk  & germany,,germany,UK  & Germany
921,(spain),,spain,(Spain)
922,somewhere in indiana ,,india,somewhere in Indiana 
923,"united kingdom,fraserburgh",,united kingdom,"United Kingdom,Fraserburgh"
924,"dreieich, germany",,germany,"Dreieich, Germany"
925,south korea gmt+9,,south korea,South Korea GMT+9
926,sd |norway| ksa,,norway,SD |Norway| KSA
927,argentina,,argentina,ARGENTINA
928,argentina,,argentina,Argentina
929,desde republica argentina,,argentina,Desde Republica Argentina
930,tìáchira - venezuela,,venezuela,TÌÁchira - Venezuela
931,new zealand,,new zealand,New Zealand
932,denmark,,denmark,denmark
933,kuwait,,kuwait,Kuwait
934,"cochrane, alberta, canada",,canada,"Cochrane, Alberta, Canada"
935,"leduc, alberta, canada",,canada,"Leduc, Alberta, Canada"
936,kuwait ,,kuwait,Kuwait 
937,"tv5, philippines",,philippines,"TV5, Philippines"
938, blood indian reserve,,india, Blood Indian Reserve
939,ukraine,,ukraine,Ukraine
940,"new south wales, australia",,australia,"New South Wales, Australia"
941,united states where it's warm,,united states,United States where it's warm
942,"hope road, jamaica ",,jamaica,"Hope Road, Jamaica "
943,"nantes, france",,france,"Nantes, France"
944,"st. john's, nl, canada",,canada,"St. John's, NL, Canada"
945,"caserta-roma, italy ",,italy,"Caserta-Roma, Italy "
946,"jogja, indonesia slowly asia",,indonesia,"Jogja, Indonesia Slowly Asia"
947,mexico,,mexico,mexico
948,brazil,,brazil,Brazil
949,"victoria, bc  canada",,canada,"Victoria, BC  Canada"
950,"bloomington, indiana",,india,"Bloomington, Indiana"
951,"warrandyte, australia",,australia,"Warrandyte, Australia"
952,vietnam,,vietnam,Vietnam
953,"nova scotia, canada",,canada,"Nova Scotia, Canada"
954,"kualar lumpur, malaysia",,malaysia,"Kualar Lumpur, Malaysia"
955,"nadiad ,gujarat , india!!",,india,"Nadiad ,Gujarat , India!!"
956,"timaru district, new zealand",,new zealand,"Timaru District, New Zealand"
957,cameroon,,cameroon,Cameroon
958,"alberta, canada",,canada,"alberta, canada"
959,"ab, canada",,canada,"Ab, Canada"
960,"suginami-ku, tokyo, japan",,japan,"Suginami-ku, Tokyo, Japan"
961,"lancashire, united kingdom",,united kingdom,"Lancashire, United Kingdom"
962,"arnhem, the netherlands",,netherlands,"Arnhem, the Netherlands"
963,somewhere in spain,,spain,Somewhere in Spain
964,rheinbach / germany,,germany,Rheinbach / Germany
965,"jubail ic, saudi arabia.",,saudi arabia,"Jubail IC, Saudi Arabia."
966,"free state, south africa",,south africa,"Free State, South Africa"
967,mongolia,,mongolia,Mongolia
968,france,,france,France
969,zimbabwe,,zimbabwe,Zimbabwe
970,australia ,,australia,Australia 
971,cuba,,cuba,cuba
972,"saskatchewan, canada",,canada,"Saskatchewan, Canada"
973,peru,,peru,Peru
974,russia,,russia,Russia
975,russia,,russia,russia
976,"zeerust, south africa",,south africa,"Zeerust, South Africa"
977,"county durham, united kingdom",,united kingdom,"County Durham, United Kingdom"
978,egypt,,egypt,EGYPT
979,venezuela,,venezuela,Venezuela
980,"victoria, australia, earth",,australia,"Victoria, Australia, Earth"
981,new sweden,,sweden,New Sweden
982,ecuador,,ecuador,Ecuador
983,?? made in the philippines ??,,philippines,?? Made in the Philippines ??
984,? miranda ? 521 mi,,iran,? miranda ? 521 mi
985,malibu/santafe/winning!,,mali,Malibu/SantaFe/Winning!
986,co. tyrone northern ireland,,ireland,Co. Tyrone Northern Ireland
987,guatemala,,guatemala,Guatemala
988,marbella. spain,,spain,Marbella. Spain
989,"ashford, kent, united kingdom",,united kingdom,"Ashford, Kent, United Kingdom"
990,"eaubonne, 95, france",,france,"Eaubonne, 95, France"
991,"cavite, philippines",,philippines,"Cavite, Philippines"
992,canada ,,canada,Canada 
993,"goa, india",,india,"Goa, India"
994,"lyallpur, pakistan",,pakistan,"Lyallpur, Pakistan"
995,"espaì±a, spain",,spain,"EspaÌ±a, Spain"
996,"nottingham, united kingdom",,united kingdom,"Nottingham, United Kingdom"
997,finland,,finland,Finland
998,the shady hyenatown of finland,,finland,The Shady Hyenatown of Finland
999,"derbyshire, united kingdom",,united kingdom,"Derbyshire, United Kingdom"
1000,"anzio,italy",,italy,"anzio,italy"
1001,united states of america,,united states,United States of America
1002,qld australia,,australia,QLD Australia
1003,"?????????????, thailand ",,thailand,"?????????????, Thailand "
1004,usa - canada - europe - asia,,canada,USA - Canada - Europe - Asia
1005,"uppsala, sweden",,sweden,"Uppsala, Sweden"
1006,"sligo and galway, ireland",,ireland,"Sligo and Galway, Ireland"
1007,spain - china - latin america.,,spain,Spain - China - Latin America.
1008,"aveiro, portugal",,portugal,"Aveiro, Portugal"
1009,canada eh! ,,canada,Canada Eh! 
1010,"nanaimo, bc, canada",,canada,"Nanaimo, BC, Canada"
1011,espaì±a - spain - espagne,,spain,EspaÌ±a - Spain - Espagne
1012,santiago de chile,,chile,Santiago de Chile
1013,u.s.a and canada,,canada,U.S.A and Canada
1014,south africa eastern cape,,south africa,south africa eastern cape
1015,"vì_sterì´s, sweden",,sweden,"VÌ_sterÌ´s, Sweden"
1016,saudi arabia,,saudi arabia,Saudi Arabia
1017,"birmingham, united kingdom",,united kingdom,"Birmingham, United Kingdom"
1018,reading a romance novel,,oman,Reading a romance novel
1019,bulgaria,,bulgaria,Bulgaria
1020,beit el - israel,,israel,Beit El - Israel
1021,proudly south african,,south africa,proudly South African
1022,"lethbridge, alberta, canada",,canada,"Lethbridge, Alberta, Canada"
1023,"lethbridge, ab, canada",,canada,"Lethbridge, AB, Canada"
1024,"noida, ncr, india",,india,"Noida, NCR, India"
1025,"indiana, usa",,india,"Indiana, USA"
1026,phuket thailand,,thailand,phuket thailand
1027,"cpt & jhb, south africa",,south africa,"CPT & JHB, South Africa"
1028,"ted&qz inc, ireland, europe",,ireland,"Ted&Qz Inc, Ireland, Europe"
1029,"downtown churubusco, indiana",,india,"Downtown Churubusco, Indiana"
1030,"halifax, ns, canada",,canada,"Halifax, NS, Canada"
1031,"maracay y nirgua, venezuela",,venezuela,"Maracay y Nirgua, Venezuela"
1032,"victoria, canada",,canada,"Victoria, Canada"
1033,"wales, united kingdom",,united kingdom,"Wales, United Kingdom"
1034,canada bc,,canada,Canada BC
